timestamp,fault_id,trial,system,identified_fault_type,correct,root_cause,confidence,affected_components,remediation,model,latency_ms,prompt_tokens,completion_tokens,error
2026-04-02T18:17:46.157744,F1,1,A,F2,0,The cartservice container is crashing repeatedly due to OutOfMemory (OOM) issues.,0.9,cartservice,Increase the memory limits for the cartservice container.|Investigate application memory usage and optimize it as necessary.,gpt-4o-mini,4323,1442,149,
2026-04-02T18:17:46.157744,F1,1,B,F1,1,"The cartservice container exceeded its memory limit, resulting in being OOMKilled.",0.95,cartservice,Increase the memory limit for the cartservice container.|Monitor the memory usage of the cartservice to prevent future OOM issues.,gpt-4o-mini,4128,2418,157,
2026-04-02T18:21:33.173032,F1,2,A,F1,1,The recommendationservice pod is being OOMKilled due to exceeding the memory limits specified in its configuration.,0.95,recommendationservice-8674b74498-xxnv8|cartservice-695cfdf58c-f6h5f,Increase the memory limit for the recommendationservice pod to prevent OOMKilled events.|Investigate memory usage patterns and optimize the application code or resource requests/limits accordingly.,gpt-4o-mini,5082,1872,196,
2026-04-02T18:21:33.173032,F1,2,B,F1,1,The recommendationservice pod was OOMKilled due to exceeding its allocated memory limit.,0.95,recommendationservice|cartservice,Increase memory limits for the recommendationservice and cartservice pods.|Monitor memory usage to prevent future OOMKilled incidents.,gpt-4o-mini,3627,2855,154,
2026-04-02T18:24:49.819069,F1,3,A,F2,0,The cartservice pod is repeatedly crashing due to failing health checks and cannot recover.,0.9,cartservice|recommendationservice,Investigate error logs of cartservice and recommendationservice for specific issues.|Increase the timeout values for the liveness and readiness probes if the response time is too long.|Ensure that the services are properly communicating and are not overloaded.,gpt-4o-mini,4928,1480,190,
2026-04-02T18:24:49.819069,F1,3,B,F1,1,The cartservice pod is likely being OOMKilled due to insufficient memory allocated to it.,0.9,cartservice|recommendationservice,Increase the memory limit for the cartservice and recommendationservice containers.|Monitor memory usage and adjust limits as necessary.,gpt-4o-mini,4398,2463,164,
2026-04-02T18:28:06.915463,F1,4,A,F2,0,The cartservice containers are repeatedly crashing due to failed health checks.,0.9,cartservice|recommendationservice,"Investigate the application logs of the cartservice and recommendationservice for further insight.|Adjust the liveness and readiness probe settings if they are too strict, or fix the underlying application issues causing the timeouts.",gpt-4o-mini,4235,1325,171,
2026-04-02T18:28:06.915463,F1,4,B,F2,0,The cartservice pod is experiencing repeated crashes due to health probe timeouts and is unable to start successfully.,0.9,cartservice|recommendationservice,Check and increase the resource limits for the cartservice pod to prevent OOM issues.|Investigate the health check configurations for liveness and readiness probes to ensure they are valid and reachable.,gpt-4o-mini,4592,2308,167,
2026-04-02T18:31:24.572551,F1,5,A,F2,0,The cartservice and recommendationservice pods are repeatedly crashing due to failed health checks.,0.9,cartservice|recommendationservice,"Investigate the logs of the cartservice and recommendationservice for errors.|Check the configuration of the health probes to ensure they are correctly set.|Adjust timeout settings if necessary, and ensure the services they depend on are available.",gpt-4o-mini,4534,1326,171,
2026-04-02T18:31:24.572551,F1,5,B,F2,0,"The cartservice pod is repeatedly crashing due to failed health checks, indicating potential configuration or resource issues.",0.9,cartservice|recommendationservice,"Investigate the logs for the cartservice pod to identify the root cause of the health check failures.|Check resource limits and configurations for the cartservice and adjust if necessary, then redeploy.",gpt-4o-mini,4120,2309,167,
2026-04-02T19:03:52.644810,F2,1,A,F2,1,The cartservice pod is repeatedly crashing due to failing health checks.,0.9,cartservice|recommendationservice|paymentservice,"Check the logs of the failing cartservice container to identify the underlying issue causing the health checks to fail.|Ensure that the container's configuration (environment variables, resource limits) is correct, including any necessary dependencies.|Adjust the liveness and readiness probe timeout settings if the service takes longer to respond under load.",gpt-4o-mini,5726,1457,209,
2026-04-02T19:03:52.644810,F2,1,B,F2,1,"The cartservice and recommendationservice pods are failing health checks and crashing due to timeouts, resulting in a CrashLoopBackOff state.",0.85,cartservice|recommendationservice|paymentservice,"Investigate the application logs for cartservice and recommendationservice to identify the root cause of the health check failures.|Increase the timeout settings for the liveness and readiness probes if necessary, based on application startup times.|Check for any resource limits set on these services and adjust them accordingly.",gpt-4o-mini,4981,2477,202,
2026-04-02T19:09:10.666734,F2,2,A,F2,1,"The paymentservice and emailservice containers are crashing repeatedly due to health check timeouts, leading to CrashLoopBackOff states.",0.9,paymentservice|emailservice,Check and increase the timeout settings for liveness and readiness probes.|Investigate the application logs of the paymentservice and emailservice for detailed error messages.,gpt-4o-mini,4489,1616,164,
2026-04-02T19:09:10.666734,F2,2,B,F2,1,"The paymentservice and emailservice containers are repeatedly crashing due to failed readiness and liveness probes, indicating potential misconfiguration or application errors.",0.9,paymentservice|emailservice,"Check the application logs for paymentservice and emailservice to identify specific errors or issues.|Review the configurations for readiness and liveness probes to ensure they are set correctly.|If necessary, adjust the probe timeouts or thresholds to accommodate the application's startup and health check response times.",gpt-4o-mini,5714,2636,196,
2026-04-02T19:12:28.213532,F2,3,A,F4,0,"Node k8s-worker03 is under disk pressure, impacting the availability of services running on that node.",0.9,k8s-worker03|cartservice|recommendationservice|paymentservice|emailservice|currencyservice,Check disk usage on k8s-worker03 and free up space if necessary.|Consider adding additional storage resources to k8s-worker03 or relabeling workloads to run on less congested nodes.,gpt-4o-mini,5117,1697,198,
2026-04-02T19:12:28.213532,F2,3,B,F2,1,"The cartservice, paymentservice, recommendationservice, emailservice, and currencyservice pods are experiencing repeated failures due to liveness and readiness probe timeouts, indicating potential application-level failures or misconfigurations.",0.95,cartservice|paymentservice|recommendationservice|emailservice|currencyservice,"Check the logs of the affected pods for application errors or misconfigurations.|Ensure the services are correctly handling the health checks and that the configurations of the liveness and readiness probes are appropriate.|If misconfiguration is found, adjust the probes accordingly and redeploy the services.",gpt-4o-mini,5195,2717,229,
2026-04-02T19:17:44.473495,F2,4,A,F2,1,The containers for currencyservice and shippingservice are crashing repeatedly due to configuration issues.,0.9,currencyservice|shippingservice,Check the configuration for currencyservice and shippingservice to ensure all required binaries and scripts are present.|Verify the image used for shippingservice includes the necessary entrypoint and that the correct commands are specified in the deployment yaml.,gpt-4o-mini,4639,2064,183,
2026-04-02T19:17:44.473495,F2,4,B,F2,1,The currencyservice and shippingservice containers are repeatedly crashing due to underlying application errors.,0.85,currencyservice|shippingservice,Check the logs of the crashed containers using 'kubectl logs <pod-name> -n <namespace> -c <container-name> --previous' to identify the cause of the crash.|Ensure that all necessary configurations or dependencies are correctly set up for the affected services.|Adjust the readiness and liveness probe settings if they are causing the containers to be marked as unhealthy prematurely.,gpt-4o-mini,4308,3084,204,
2026-04-02T19:21:03.064870,F2,5,A,F4,0,"The k8s-worker03 node is experiencing DiskPressure, causing pods to be evicted and services to fail.",0.9,k8s-worker03|recommendationservice|shippingservice,Check the disk usage on k8s-worker03 and free up space if necessary.|Consider adding more storage to k8s-worker03 or adjusting resource requests/limits for pods.,gpt-4o-mini,5082,2128,177,
2026-04-02T19:21:03.064870,F2,5,B,F2,1,"Multiple services, including adservice and currencyservice, are in CrashLoopBackOff state, likely due to application errors or misconfigurations causing repeated crashes.",0.85,adservice|currencyservice|paymentservice|emailservice|recommendationservice,"Check the logs for each affected service to identify the application errors or misconfigurations causing crashes.|Ensure all necessary configurations, environment variables, and dependencies are provided and correct.|Increase resource limits if necessary to prevent OOM issues.|If specific containers are found to exit due to application-level errors, revise the application code or settings to handle these errors appropriately.",gpt-4o-mini,5239,3148,236,
2026-04-02T19:52:51.761552,F3,1,A,F4,0,"The node k8s-worker03 is not ready, leading to connection failures for several services.",0.95,k8s-worker03|paymentservice|ProductCatalogService|checkoutservice|recommendationservice,"Check the status of the node k8s-worker03 to determine why it is not ready.|Review the logs and metrics for insights into resource issues or connectivity problems.|Investigate any hardware or network failures that may have caused the node to be unreachable.|If unresolvable, consider draining and potentially rebooting the node, ensuring to reschedule the pods on another available node.|Monitor the affected services following the remediation to confirm restoration of functionality.",gpt-4o-mini,6580,2887,258,
2026-04-02T19:52:51.761552,F3,1,B,F4,0,"Node k8s-worker03 is not ready, leading to resource unavailability for the affected pods.",0.9,k8s-worker03|paymentservice|productcatalogservice|checkoutservice,"Check the status and logs of k8s-worker03 to diagnose the underlying issue.|Attempt to cordon and drain k8s-worker03 if necessary, then restart the node.|Ensure that the node's network and resource configurations are correct and that it can communicate with the control plane.",gpt-4o-mini,3862,3596,198,
2026-04-02T20:02:44.538954,F3,2,A,F4,0,"Multiple nodes in the cluster are experiencing disk pressure, leading to pods being unable to schedule or run properly.",0.95,currencyservice|frontend|loadgenerator,Identify and free up disk space on the worker nodes that are experiencing disk pressure.|Consider adding additional disk resources or nodes to the cluster to handle the load.,gpt-4o-mini,4485,3504,171,
2026-04-02T20:02:44.538954,F3,2,B,F3,1,The specified image 'frontend:v99.99.99' and 'private.registry.io/boutique/cartservice:latest' could not be pulled due to either non-existence or inaccessible registry.,0.95,frontend|cartservice,"Verify that the image tags 'frontend:v99.99.99' and 'private.registry.io/boutique/cartservice:latest' exist in the respective container registries.|If the images exist, ensure that the proper imagePullSecrets are in place for accessing private images.|If the images are not available, either push them to the registry or correct the deployment configurations to point to valid tags.",gpt-4o-mini,10486,4552,239,
2026-04-02T20:06:04.874899,F3,3,A,F4,0,"The node k8s-worker03 is marked as NotReady due to DiskPressure, causing various pods to fail scheduling and container readiness probes to timeout.",0.9,k8s-worker03|currencyservice|cartservice|frontend,"Identify and resolve the DiskPressure issue on k8s-worker03, such as freeing up disk space or adjusting resource limits.|Monitor the node's resources after remediation to ensure stability.|Reschedule any affected pods using kubectl to avoid issues until the node recovers.",gpt-4o-mini,5593,2992,219,
2026-04-02T20:06:04.874899,F3,3,B,F3,1,Several pods failed to pull images due to incorrect image references and authentication issues with private registries.,0.95,cartservice|frontend|productcatalogservice,Verify the image names and tags used in the deployments are correct.|Ensure that the imagePullSecrets are correctly set for private registries if authentication is required.|Consider setting up image mirrors if the registry is unreachable.,gpt-4o-mini,11075,3812,187,
2026-04-02T20:08:49.615555,F3,4,A,F3,1,Several services are experiencing image pull failures due to invalid image names and inaccessible private registries.,0.85,cartservice|frontend|checkoutservice|productcatalogservice,Verify the image names and tags used in the deployments.|Ensure that the private registries are accessible from the cluster and proper credentials are configured.,gpt-4o-mini,5378,2727,184,
2026-04-02T20:08:49.615555,F3,4,B,F3,1,The specified container images for the cartservice and frontend are either incorrect or are housed in private registries without proper access.,0.95,cartservice|frontend,Verify the image names and tags for correctness.|Ensure the necessary imagePullSecrets are created and configured for private registries.|Update the deployment configurations with the correct image names or pull secrets if applicable.,gpt-4o-mini,5761,3547,200,
2026-04-02T20:11:33.236459,F3,5,A,F3,1,"Several pods, including frontend and cartservice, failed to pull images due to access denial or DNS resolution failures.",0.9,frontend|cartservice|loadgenerator|productcatalogservice,Verify the existence and correct permissions of images in the specified registries.|Ensure the DNS settings in the cluster are correctly configured and able to resolve the registry addresses.|Check for any network policies or firewall rules that might be blocking access to the image registries.,gpt-4o-mini,5651,2785,206,
2026-04-02T20:11:33.236459,F3,5,B,F3,1,The container images specified for the pods are inaccessible due to incorrect image names or potential authorization issues with the private registry.,0.85,loadgenerator|cartservice|frontend|productcatalogservice,Verify the image names and tags used in the deployments.|Ensure that proper image pull secrets are configured for private registry access.|Check network connectivity to the image registry and its status.,gpt-4o-mini,4390,3605,190,
2026-04-02T20:44:49.002844,F4,1,A,F3,0,Multiple pods are unable to pull container images due to either authorization issues or the images not being available in the specified repository.,0.9,cartservice|frontend|loadgenerator|productcatalogservice,Verify the image names and tags in the deployment specifications.|Check access permissions to the private registry and ensure authentication is properly configured.|Ensure the specified images exist in the repositories.,gpt-4o-mini,5417,2847,177,
2026-04-02T20:44:49.002844,F4,1,B,F4,1,"The node experienced storage resource exhaustion, leading to pod evictions and scheduling failures due to disk pressure.",0.95,currencyservice|cartservice|frontend|loadgenerator,Free up disk space on the affected node by removing unused images or logs.|Check and adjust resource requests and limits for pods to avoid future evictions.,gpt-4o-mini,3277,3928,163,
2026-04-02T20:49:37.743175,F4,2,A,F3,0,Image pull failures due to unavailable resources or incorrect image references.,0.85,cartservice|frontend|productcatalogservice|loadgenerator,Verify the image repository and tags are correct and accessible.|Check node resource availability and clear out unnecessary workloads or increase storage capacity.|Ensure proper authorization for pulling images from private registries.,gpt-4o-mini,4571,2989,184,
2026-04-02T20:49:37.743175,F4,2,B,F4,1,"The node was low on ephemeral storage, causing eviction of pods and unavailability.",0.95,currencyservice|cartservice|frontend|loadgenerator,Free up ephemeral storage on the affected node.|Consider increasing the storage allocated to the node if the issue persists.,gpt-4o-mini,3818,4070,160,
2026-04-02T20:54:26.805514,F4,3,A,F3,0,Multiple pods failed to pull images due to unresolvable image references and lack of authorization.,0.95,frontend|cartservice|productcatalogservice|loadgenerator,Verify the image repository URLs and ensure they are correct.|Check authentication settings for private registries.|Ensure that the required images are accessible and not removed from the repository.,gpt-4o-mini,4368,2987,179,
2026-04-02T20:54:26.805514,F4,3,B,F4,1,"The node was low on resource: ephemeral-storage, causing some pods to be evicted and others to fail scheduling.",0.9,currencyservice|frontend|cartservice,Free up ephemeral storage on the affected node by deleting unnecessary files or pods.|Check for pods using excessive ephemeral storage and adjust configurations or resource requests as needed.|Monitor node resources to prevent future low resource incidents.,gpt-4o-mini,4478,4068,190,
2026-04-02T20:59:16.544901,F4,4,A,F3,0,Pods are unable to pull required images from private registries or public ones due to access issues or DNS resolution failures.,0.95,frontend|cartservice|currencyservice|productcatalogservice|loadgenerator,Verify the image names and tags used in the deployment configurations.|Ensure that Docker registry credentials are set up correctly if pulling from a private registry.|Check the DNS resolution for any private registries and make sure they are accessible from the Kubernetes cluster.,gpt-4o-mini,5216,2364,218,
2026-04-02T20:59:16.544901,F4,4,B,F3,0,Failed to pull container images from multiple registries due to image access issues and DNS resolution failures.,0.9,cartservice|frontend|productcatalogservice|loadgenerator,Verify access permissions for the image repositories and ensure the necessary credentials are in place.|Check DNS resolution for image registry domains and rectify any misconfigurations either in the DNS settings or in the Kubernetes cluster.,gpt-4o-mini,4454,3445,176,
2026-04-02T21:04:07.983720,F4,5,A,F3,0,Multiple pods are failing to pull images due to unreachable container registries or invalid image references.,0.95,productcatalogservice|checkoutservice|loadgenerator,Check the image repository URLs for correctness and accessibility.|Update any invalid image references in the deployment configurations.|Ensure that the appropriate credentials are available for private repositories.,gpt-4o-mini,6305,1349,170,
2026-04-02T21:04:07.983720,F4,5,B,F5,0,The currencyservice pods were evicted due to the node being low on ephemeral storage.,0.9,currencyservice,Increase the ephemeral storage available on the node.|Review resource usage of other pods to identify and reduce resource consumption.|Check for any potential misconfigurations in resource requests and limits.,gpt-4o-mini,4735,2430,175,
2026-04-02T21:36:27.363659,F5,1,A,F5,1,The PersistentVolumeClaim for redis-cart failed because the specified StorageClass 'premium-ssd' was not found.,0.95,redis-cart,"Check if the 'premium-ssd' StorageClass is defined in the cluster.|If the StorageClass is missing, create it or update the PVC to use an existing StorageClass.",gpt-4o-mini,4524,933,154,
2026-04-02T21:36:27.363659,F5,1,B,F5,1,The PersistentVolumeClaim for redis-cart-fault is in a Pending state due to the storage class 'premium-ssd' not being found.,0.95,redis-cart-fault,"Check the availability of the storage class 'premium-ssd' and ensure it's correctly defined.|If the storage class is missing, create it or modify the PersistentVolumeClaim to use an available storage class.",gpt-4o-mini,4010,1908,173,
2026-04-02T21:39:10.775034,F5,2,A,F5,1,PersistentVolumeClaim failed due to missing storage class.,0.9,currencyservice|cartservice,Verify the existence of the 'premium-ssd' storage class.|Create the necessary storage class or point the PVC to an existing one.,gpt-4o-mini,4625,930,152,
2026-04-02T21:39:10.775034,F5,2,B,F5,1,The PersistentVolumeClaim for redis-cart is stuck because the specified StorageClass 'premium-ssd' is not found.,0.95,redis-cart|cartservice|currencyservice,"Check if the StorageClass 'premium-ssd' exists in the cluster.|If it does not exist, either create the StorageClass or modify the PVC to use an existing StorageClass.|Once corrected, apply the changes and monitor the PVC and related pods to ensure they bind and start successfully.",gpt-4o-mini,4697,1905,208,
2026-04-02T21:41:53.381933,F5,3,A,F5,1,The PersistentVolumeClaim for redis-cart-fault failed to provision due to a missing storage class.,0.9,redis-cart-fault,Verify the existence of the 'premium-ssd' storage class in the Kubernetes cluster.|Create the storage class if it is missing or update the PersistentVolumeClaim to use an existing storage class.,gpt-4o-mini,5384,930,170,
2026-04-02T21:41:53.381933,F5,3,B,F5,1,The PersistentVolumeClaim for redis-cart is stuck in Pending due to a missing storage class.,0.95,redis-cart|currencyservice,"Check if the 'premium-ssd' StorageClass exists using 'kubectl get storageclass'.|If the StorageClass is missing, either create it or update the PVC to use a valid StorageClass.",gpt-4o-mini,3714,1905,182,
2026-04-02T21:44:36.938847,F5,4,A,F5,1,The PersistentVolumeClaim for redis-cart failed to provision due to a missing storage class.,0.9,redis-cart-fault|PersistentVolumeClaim,"Verify the existence of the storage class 'premium-ssd'.|Create the storage class 'premium-ssd' if it does not exist, or update the PVC to use an available storage class.",gpt-4o-mini,5854,787,177,
2026-04-02T21:44:36.938847,F5,4,B,F5,1,The PersistentVolumeClaim for redis-cart-fault failed to provision because the specified storage class 'premium-ssd' was not found.,0.95,redis-cart-fault|cartservice|currencyservice,"Verify the existence of the 'premium-ssd' storage class using 'kubectl get storageclass'.|If it does not exist, create the specified storage class or update the PVC to use an available storage class.",gpt-4o-mini,4108,1762,190,
2026-04-02T21:47:18.959077,F5,5,A,F5,1,The PersistentVolumeClaim 'redis-cart-fault' failed to provision due to a missing storage class.,0.9,redis-cart-fault,Check if the 'premium-ssd' storage class exists|Create the storage class if it does not exist,gpt-4o-mini,4080,787,171,
2026-04-02T21:47:18.959077,F5,5,B,F5,1,The PersistentVolumeClaim for redis-cart-fault is stuck in Pending state due to the unavailability of the specified storage class 'premium-ssd'.,0.9,redis-cart-fault PVC|currencyservice|cartservice,"Check if the storage class 'premium-ssd' is defined and available in the cluster.|If it does not exist, create the storage class or modify the PVC to use an existing valid storage class.",gpt-4o-mini,3909,1762,185,
2026-04-02T22:18:33.665521,F6,1,A,F5,0,The PersistentVolumeClaim for redis-cart failed to provision due to the absence of the specified storage class 'premium-ssd'.,0.9,redis-cart|PersistentVolumeClaim,"Check if the 'premium-ssd' storage class is defined in the cluster.|If not, create the 'premium-ssd' storage class or update the PVC to use an existing storage class.",gpt-4o-mini,5219,787,171,
2026-04-02T22:18:33.665521,F6,1,B,F5,0,The PersistentVolumeClaim for redis-cart failed due to the requested storage class 'premium-ssd' not being found.,0.9,redis-cart,"Check available storage classes with 'kubectl get storageclass' to confirm 'premium-ssd' existence.|If 'premium-ssd' does not exist, either create it or update the PersistentVolumeClaim to use an existing storage class.|Redeploy the redis-cart resource once the storage issue is resolved.",gpt-4o-mini,5316,1849,206,
2026-04-02T22:20:50.774494,F6,2,A,F5,0,The PersistentVolumeClaim for 'redis-cart-fault' failed to provision due to a missing storage class.,0.9,redis-cart-fault,Check the available storage classes in the cluster using 'kubectl get storageclass'.|Create or correct the storage class 'premium-ssd' if it is missing.|Delete the faulty PersistentVolumeClaim 'redis-cart-fault' and recreate it to trigger provisioning.,gpt-4o-mini,5393,1324,186,
2026-04-02T22:20:50.774494,F6,2,B,F5,0,PersistentVolumeClaim for redis-cart-fault is failing due to a missing storage class.,0.9,redis-cart|cartservice|currencyservice,Check your Kubernetes storage classes: kubectl get storageclass|Create the missing storage class 'premium-ssd' or update the PVC to use an available storage class.|Delete the failed PVC and recreate it if necessary.|Monitor the status of the newly created PVC to ensure it is bound.,gpt-4o-mini,7811,2267,224,
2026-04-02T22:23:04.697438,F6,3,A,F5,0,The PersistentVolumeClaim for redis-cart-fault is failing to provision due to a missing storage class.,0.9,redis-cart|cartservice|currencyservice,"Check if the storage class 'premium-ssd' exists in the cluster.|If not, create the required storage class or update the PVC to use an existing one.",gpt-4o-mini,4030,1436,179,
2026-04-02T22:23:04.697438,F6,3,B,F6,1,"Network connectivity issues caused by a missing storage class, affecting access to Redis storage for cart and currency services.",0.85,cartservice|currencyservice,"Verify that the 'premium-ssd' storage class is correctly defined in the cluster.|If missing, create the 'premium-ssd' storage class or update the PVCs to use an available storage class.|Restart the cartservice and currencyservice pods to re-establish connectivity with Redis.",gpt-4o-mini,6134,2384,201,
2026-04-02T22:25:18.027602,F6,4,A,F5,0,"The storage class 'premium-ssd' required for the PersistentVolumeClaim is not found, preventing successful provisioning.",0.95,redis-cart-fault|currencyservice|cartservice,"Check if the storage class 'premium-ssd' is defined in the cluster.|If it's missing, create the storage class or update the PVC to use an available storage class.",gpt-4o-mini,4426,1017,171,
2026-04-02T22:25:18.027602,F6,4,B,F6,1,"The service endpoints for the 'cartservice' and 'currencyservice' pods are not reachable due to missing PersistentVolumeClaims, causing service calls to fail.",0.9,cartservice|currencyservice,Check the PersistentVolumeClaim for 'redis-cart-fault' and ensure the 'premium-ssd' storage class exists.|Create the required storage class or modify the PVC to use an available storage class.|Monitor the services to ensure they become ready after fixing the PVC issue.,gpt-4o-mini,5398,2079,210,
2026-04-02T22:27:36.596034,F6,5,A,F5,0,Persistent volume claim for redis-cart failed due to missing storage class.,0.9,redis-cart|cartservice|frontend,Create the missing storage class 'premium-ssd'.|Recreate the PersistentVolumeClaim for redis-cart.,gpt-4o-mini,9144,1402,156,
2026-04-02T22:27:36.596034,F6,5,B,F6,1,The currency and cart service pods are failing to connect to the Redis server due to a missing PersistentVolumeClaim caused by an unavailable storage class.,0.9,currencyservice|cartservice|redis-cart,Create the missing storage class 'premium-ssd'.|Modify the PersistentVolumeClaim to use the available storage class.|Deploy the updated configuration to restore functionality.,gpt-4o-mini,5581,2465,192,
2026-04-02T22:59:49.421680,F7,1,A,F2,0,The cartservice and currencyservice pods are failing due to the server container being in a NOT READY state with an error.,0.85,cartservice|currencyservice,Inspect the logs of the cartservice and currencyservice containers to identify the root cause of the error.|Fix any issues found in the logs and redeploy the affected services.,gpt-4o-mini,4830,974,177,
2026-04-02T22:59:49.421680,F7,1,B,F7,1,"The currencyservice and cartservice pods are experiencing CPU throttling due to insufficient CPU limits, leading to degraded performance and errors.",0.9,currencyservice|cartservice,Review and increase the CPU limits for the currencyservice and cartservice pods.|Monitor the CPU usage and throttling metrics to ensure containers have enough headroom.,gpt-4o-mini,3913,2128,173,
2026-04-02T23:03:22.918511,F7,2,A,F6,0,"The readiness probe for the checkoutservice and currencyservice failed due to timeout, indicating a potential network connectivity issue.",0.85,checkoutservice|currencyservice,Check network policies that may restrict communication to the checkoutservice and currencyservice.|Verify service and pod configurations to ensure they are correctly set up for inter-pod communication.,gpt-4o-mini,5323,1194,173,
2026-04-02T23:03:22.918511,F7,2,B,F7,1,"The observed pods are likely experiencing CPU throttling due to insufficient CPU limits set for their containers, resulting in degraded performance and timeouts.",0.9,currencyservice|checkoutservice,Review and adjust CPU resource limits for the affected services to allow for burst utilization.|Monitor CPU utilization with Prometheus to ensure limits are appropriately set and adjust them as necessary.,gpt-4o-mini,3939,2343,168,
2026-04-02T23:06:36.982660,F7,3,A,F6,0,"Readiness probes for some services failed due to unreachable endpoints, likely indicating a network connectivity issue.",0.85,checkoutservice|productcatalogservice|currencyservice,Check the network policies and ensure that there are no rules blocking traffic between the services.|Verify the health and configuration of the underlying network components and troubleshoot any network connectivity issues.,gpt-4o-mini,4081,1120,165,
2026-04-02T23:06:36.982660,F7,3,B,F7,1,"The container CPU usage exceeded its configured CPU limit, resulting in throttling.",0.95,currencyservice|cartservice,Increase the CPU limits in the deployment specifications for the affected services.|Monitor CPU usage to ensure it stays below the thresholds after adjustments.,gpt-4o-mini,4862,2269,172,
2026-04-02T23:10:10.654752,F7,4,A,F6,0,Network connectivity issues preventing services from reaching one another.,0.85,checkoutservice|productcatalogservice|adservice,Check network policies and ensure they allow traffic between services.|Investigate any network disruptions or misconfigurations in the underlying infrastructure.,gpt-4o-mini,4384,1302,161,
2026-04-02T23:10:10.654752,F7,4,B,F7,1,"The observed services are experiencing CPU throttling due to improper resource limits set on the containers, leading to degraded performance and failures in readiness/liveness probes.",0.95,checkoutservice|productcatalogservice|currencyservice|adservice,Review and adjust the CPU resource limits for the affected pods to ensure they allow for burstable workloads.|Monitor the CPU usage metrics and adjust accordingly to prevent throttling in the future.,gpt-4o-mini,4188,2451,184,
2026-04-02T23:13:23.592890,F7,5,A,F4,0,"All worker nodes are experiencing disk pressure, causing eviction of multiple pods and preventing new pods from being scheduled.",0.9,currencyservice|adservice|loadgenerator,Free up space on the affected nodes by deleting unnecessary files or increasing storage capacity.|Check and remove any old or unused Docker images and containers.|Consider using a more appropriate resource limit configuration for ephemeral storage if applicable.,gpt-4o-mini,4213,2269,187,
2026-04-02T23:13:23.592890,F7,5,B,F7,1,Multiple pods are experiencing eviction due to resource constraints and disk pressure on the nodes.,0.85,currencyservice|loadgenerator|adservice,Investigate the storage usage on the nodes to free up ephemeral storage.|Scale up the resources on the affected nodes or increase the capacity of the persistent volumes as needed.|Check and adjust the resource requests and limits for pods to avoid reaching the thresholds.,gpt-4o-mini,4419,3418,190,
2026-04-02T23:45:36.946886,F8,1,A,F2,0,The currencyservice pods are repeatedly crashing and unable to recover due to being evicted for low ephemeral storage.,0.85,currencyservice|adservice|loadgenerator,Increase the available ephemeral storage on the nodes.|Review and optimize the resource usage of the containers to prevent further evictions.|Ensure that there are no excessive logs or temporary files being generated by the applications.,gpt-4o-mini,3808,1845,177,
2026-04-02T23:45:36.946886,F8,1,B,F8,1,Service misconfiguration has led to connectivity issues with the pods.,0.85,adservice|cartservice|currencyservice,Check the service definition for adservice and cartservice for correct selectors.|Ensure that the pods are healthy and associated with the proper service endpoints.|Update service selectors if necessary and redeploy the services.,gpt-4o-mini,4300,2801,168,
2026-04-02T23:47:55.855601,F8,2,A,F4,0,"Nodes are tainted with disk pressure, leading to unschedulable pods and evictions.",0.95,currencyservice|loadgenerator|adservice,Free up disk space on the affected nodes to alleviate disk pressure.|Remove the taint or add tolerations to the affected pods to allow scheduling.|Monitor pod health and restart any that are in a failed state.,gpt-4o-mini,6031,2285,191,
2026-04-02T23:47:55.855601,F8,2,B,F8,1,Network misconfiguration leading to the service endpoints being unavailable.,0.9,adservice|currencyservice|frontend,"Check the service configurations to ensure selectors match the running pods.|Run 'kubectl get endpoints <service-name> -n <namespace>' to verify if any endpoints exist.|If no endpoints are available, update the service or deploy configuration to correct the selector/label.",gpt-4o-mini,4167,3241,180,
2026-04-02T23:50:15.789169,F8,3,A,F4,0,"Several pods were evicted due to low ephemeral storage, which indicates that the nodes were under resource pressure.",0.9,currencyservice|loadgenerator|adservice|paymentservice,Investigate and clean up unused resources to free up ephemeral storage on the affected nodes.|Consider increasing ephemeral storage limits if persistent issues occur.,gpt-4o-mini,4888,2726,171,
2026-04-02T23:50:15.789169,F8,3,B,F8,1,"The service endpoints are misconfigured, leading to connection failures from frontend services.",0.85,adservice|currencyservice|paymentservice|productcatalogservice,"Step 1: Check the service endpoint configuration using 'kubectl get endpoints <service-name> -n <namespace>' to verify endpoints.|Step 2: If endpoints are missing, validate the service selector labels against the pod labels to ensure they match.|Step 3: Update the service definition if mismatches are found, and redeploy the service.",gpt-4o-mini,6068,3682,217,
2026-04-02T23:52:39.917886,F8,4,A,F4,0,"The node was low on resource, specifically ephemeral storage, leading to multiple pod evictions.",0.9,currencyservice|adservice|loadgenerator|paymentservice,Free up disk space on the affected node(s) to alleviate disk pressure.|Consider scaling up storage resources or optimizing resource requests for running pods.,gpt-4o-mini,4306,2348,159,
2026-04-02T23:52:39.917886,F8,4,B,F6,0,Pods are failing to connect and report ready status due to network connectivity issues caused by evictions and disk pressure on nodes.,0.85,currencyservice|loadgenerator|adservice|paymentservice,Free up disk space on the affected nodes to reduce disk pressure.|Identify and resolve any resource contention or eviction issues for pods.|Check and correct readiness and liveness probe configurations to ensure they are not too strict.,gpt-4o-mini,4974,3304,190,
2026-04-02T23:56:54.991180,F8,5,A,F4,0,"Multiple pods were evicted due to low ephemeral storage, leading to container failures.",0.85,currencyservice|adservice|paymentservice|loadgenerator,Free up ephemeral storage on the nodes or increase storage resources.|Monitor resource usage and adjust resource allocations for the affected pods.,gpt-4o-mini,5371,2421,169,
2026-04-02T23:56:54.991180,F8,5,B,F8,1,"Service endpoints are misconfigured, preventing pods from being reachable.",0.85,adservice|cartservice|currencyservice|paymentservice|shippingservice,Check the endpoints associated with the affected services using 'kubectl get endpoints <service-name>'|Verify the service selectors against the pod labels to ensure they match and are correct|Update the service configuration if there are mismatches and redeploy the service|Monitor the services to confirm they are healthy and endpoints are correctly established,gpt-4o-mini,5431,3413,204,
2026-04-03T00:28:42.884256,F9,1,A,F4,0,"The node is experiencing disk pressure, leading to resource constraints that affect pod scheduling and stability.",0.9,k8s-worker03|paymentservice|shippingservice,Free up disk space on node k8s-worker03.|Consider adjusting resource requests and limits for workloads.|Monitor and potentially scale out the cluster to balance resources.,gpt-4o-mini,6699,3628,169,
2026-04-03T00:28:42.884256,F9,1,B,F9,1,The application is failing to start due to a missing secret necessary for its configuration.,0.9,cartservice|shippingservice|paymentservice,Identify the missing secret from the pod events.|Create the missing secret in the appropriate namespace.,gpt-4o-mini,3940,4542,136,
2026-04-03T00:31:26.128075,F9,2,A,F1,0,The pod resources were evicted due to low ephemeral storage on the node.,0.95,paymentservice-664d5cb896-jqfcn|currencyservice-858c775d59-kp2fw|shippingservice-865585fdff-lww4v,Increase the ephemeral storage available on the node.|Remove unused pods or resources to free up space.|Check and optimize the workloads to reduce storage consumption.,gpt-4o-mini,4288,4229,196,
2026-04-03T00:31:26.128075,F9,2,B,F9,1,The pod 'cartservice-65d8765c44-d67sg' failed due to a missing secret 'redis-cart-secret-nonexistent'.,0.9,cartservice|paymentservice|frontend,"Verify the existence of the secret 'redis-cart-secret-nonexistent' in the 'boutique' namespace.|If the secret is missing, create it using 'kubectl create secret generic redis-cart-secret-nonexistent --from-literal=key=value -n boutique'.|Redeploy the affected pods to ensure they pick up the new configuration.",gpt-4o-mini,4217,5143,225,
2026-04-03T00:34:10.060482,F9,3,A,F4,0,"Node k8s-worker03 is under disk pressure, leading to resource allocation issues and causing pod evictions.",0.9,paymentservice-664d5cb896-jqfcn|paymentservice-7c9754bcbb-2d2cw|shippingservice-865585fdff-lww4v,Free up disk space on k8s-worker03 to alleviate disk pressure.|Monitor and adjust resource limits for pods to prevent future evictions.|Consider moving some pods to other nodes to balance the resource utilization.,gpt-4o-mini,5618,3630,228,
2026-04-03T00:34:10.060482,F9,3,B,F9,1,Several services failed to start because of missing secrets and configmaps required for their configuration.,0.9,paymentservice|cartservice|shippingservice,Identify the missing secrets and configmaps from the warning logs.|Create the necessary secrets and configmaps in the appropriate namespace.|Redeploy the affected services to ensure they pick up the new configurations.,gpt-4o-mini,4014,4544,187,
2026-04-03T00:36:57.009672,F9,4,A,F4,0,"The node k8s-worker03 is under disk pressure, leading to resource availability issues.",0.9,k8s-worker03|paymentservice-664d5cb896-jqfcn|shippingservice-865585fdff-lww4v,Remove unused pods or increase the disk size of k8s-worker03.|Monitor disk usage and free up space as needed.|Consider adding more nodes or resources to handle the load.,gpt-4o-mini,5907,4137,201,
2026-04-03T00:36:57.009672,F9,4,B,F9,1,Missing or incorrectly referenced secrets/configmaps causing application startup failures.,0.85,paymentservice|checkoutservice|cartservice|shippingservice,Identify the missing secret/configMap based on the error messages.|Create the necessary secrets or configMaps with the expected keys.|Update pod specifications if the references to secrets/configMaps are incorrect.|Redeploy the affected pods to see if they start correctly.,gpt-4o-mini,6058,5051,194,
2026-04-03T00:39:43.966171,F9,5,A,F2,0,"Multiple containers in the adservice and cartservice pods are failing with errors indicating they are not ready, with some also exhibiting CrashLoopBackOff behavior.",0.85,adservice|cartservice|currencyservice|emailservice|shippingservice,"Investigate the logs of the failing containers for further details on the failure causes.|Adjust resource limits as necessary if Out of Memory (OOM) issues are indicated.|Ensure all necessary environment variables, secrets, and config maps are correctly configured and available.|Consider increasing the timeout values for health checks if the services require more time to become ready.|Redeploy the impacted services after making the necessary changes.",gpt-4o-mini,7954,4937,255,
2026-04-03T00:39:43.966171,F9,5,B,F9,1,"Several pods are failing due to missing ConfigMaps and Secrets, as indicated by multiple events reporting their absence.",0.9,paymentservice|checkoutservice|emailservice|cartservice,Identify the missing ConfigMaps and Secrets reported in the events.|Create the missing ConfigMaps and Secrets with the correct keys and values.|Redeploy the affected services/pods.,gpt-4o-mini,4399,5852,179,
2026-04-03T01:11:37.772301,F10,1,A,F4,0,"One of the nodes (k8s-worker03) is under disk pressure, which affects the readiness of several pods.",0.9,k8s-worker03|currencyservice|shippingservice|cartservice,"Free up disk space on k8s-worker03 by removing unnecessary files or logs.|If possible, move some workloads to other nodes to reduce pressure.|Monitor the node status and ensure it returns to a healthy state.",gpt-4o-mini,8742,3974,206,
2026-04-03T01:11:37.772301,F10,1,B,F10,1,"The namespace exceeded its resource quota limits, preventing new pods from being created.",0.95,frontend|cartservice|shippingservice,Identify and review the resource quota for the namespace using 'kubectl get resourcequota -n <namespace>'.|Consider increasing resource limits or reducing currently used resources to bring usage below the quota.,gpt-4o-mini,3624,4992,176,
2026-04-03T01:15:46.337072,F10,2,A,F10,1,"The namespace has exceeded its allocated resource quota, preventing new pods from being created.",0.95,frontend|replicaset,Review the resource quota set for the namespace.|Increase the quota for pods or reduce the number of currently running pods.,gpt-4o-mini,4492,3123,150,
2026-04-03T01:15:46.337072,F10,2,B,F10,1,"The namespace is exceeding its resource quota limits, preventing the creation of new pods.",0.95,frontend|cartservice|paymentservice,Review the resource quota settings in the namespace.|Reduce the number of pods or resources being used to comply with the quota.|Increase the resource quota limits if needed and within policy.,gpt-4o-mini,7633,4100,175,
2026-04-03T01:20:03.071545,F10,3,A,F10,1,"The namespace quota has been exceeded, preventing the creation of new pods.",0.9,frontend|shippingservice|cartservice,Identify and delete unnecessary pods to free up quota space.|Adjust the resource requests/limits to align with the quota settings.,gpt-4o-mini,4846,2700,164,
2026-04-03T01:20:03.071545,F10,3,B,F10,1,"The namespace has exceeded its resource quota, preventing new pods from being created.",0.95,frontend|shop|cartservice|paymentservice,Reduce the number of existing pods in the namespace to fall below the quota limits.|Adjust the ResourceQuota settings to allow for more resources if necessary.,gpt-4o-mini,5810,3677,164,
2026-04-03T01:23:50.888862,F10,4,A,F10,1,"The namespace quota for pods has been exceeded, preventing new pods from being created.",0.9,frontend|cartservice|paymentservice,Review the current resource quota in the namespace.|Delete unused or unnecessary pods to free up quota.|Consider increasing the resource quota if feasible.,gpt-4o-mini,4142,3723,162,
2026-04-03T01:23:50.888862,F10,4,B,F10,1,"The namespace has exceeded its resource quota, preventing the creation of new pods.",0.95,frontend|cartservice|paymentservice|shippingservice,Identify and delete unused or unnecessary pods to free up resources.|Review and increase the resource quotas if necessary to accommodate application requirements.,gpt-4o-mini,3394,4601,164,
2026-04-03T01:26:37.822034,F10,5,A,F10,1,"The namespace has exceeded its resource quota for pods, causing new pods to fail to be created.",0.85,frontend|checkoutservice|cartservice,Identify and delete unnecessary or stopped pods to free up quota.|Consider adjusting the resource quota limits in the namespace if more resources are needed.,gpt-4o-mini,4915,5186,173,
2026-04-03T01:26:37.822034,F10,5,B,F10,1,The namespace has exceeded its resource quota limits for pods and CPU requests.,0.95,frontend|cartservice|shippingservice|emailservice,Identify and delete unnecessary pods to free up resources.|Adjust the resource quota limits as necessary to accommodate the workloads.,gpt-4o-mini,2619,6204,150,
