timestamp,fault_id,trial,system,identified_fault_type,correct,correctness_score,correctness_reasoning,root_cause,confidence,affected_components,remediation,detail,reasoning,model,latency_ms,prompt_tokens,completion_tokens,error
2026-04-07T07:58:31.904818,F1,1,A,OOMKill,1,0.75,"The diagnosis correctly identifies the fault category as OOMKilled and mentions exceeding memory limits, which relates to the ground truth. However, it is vague about the specifics, such as the targeted container (cartservice) and does not mention the specific memory limit that was surpassed (32Mi). Thus, it captures the essence but misses some details.",Pods are being OOMKilled due to exceeding their allocated memory limits.,0.9,cartservice|checkoutservice|redis-cart|frontend,Increase the resource limits and requests for affected pods to prevent OOMKills.|Investigate the resource allocation strategy to ensure all services have enough memory and CPU.|Review the persistent volume setup and ensure correct storage class configurations are available.,The exit code 137 represents that the system is killing the pods due to memory exhaustion. This is reinforced by the high memory usage metrics exceeding the limits set for some pods. Addressing the resource limits and ensuring proper configurations for storage classes is imperative for stable operations within the cluster.,"The Kubernetes cluster diagnostics reveal that a significant number of pods are failing with the error 'ContainerStatusUnknown' and exit code 137, which indicates that the containers are likely being ...",gpt-4o-mini,20457,50115,409,
2026-04-07T07:58:31.904818,F1,1,B,OOMKill,1,0.75,"The diagnosis correctly identifies that the root cause involves OOMKilled events due to exceeding memory limits, which is accurate, but it generalizes the situation by mentioning multiple containers and does not specify the exact memory limit for the cartservice container. While it addresses some related symptoms and provides correct remediation steps, it lacks specific details about the cartservice exceeding its 32Mi memory limit.","Multiple containers have been terminated due to out of memory issues, exceeding their allocated memory limits.",0.9,cartservice|checkoutservice|currencyservice|shippingservice|frontend|loadgenerator,"Increase the memory limits for the affected containers, especially cartservice and checkoutservice.|Monitor the memory usage of all containers and adjust requests and limits accordingly.|Investigate any potential memory leaks in the application to prevent future OOM kills.|Ensure that the necessary storage class for redis-cart is available to avoid provisioning failures.","The cluster is facing significant issues primarily due to resource constraints, indicated by the frequent OOMKilled events and high memory usage. By increasing the resources allocated to the containers and ensuring necessary storage is provisioned, it will help stabilize the environment, reduce pod failures, and enhance service availability.","The observed symptoms in the given Kubernetes cluster indicate widespread failure of pods, particularly with many of them returning with an exit code of 137, suggesting they were killed by the OOM kil...",gpt-4o-mini,21542,51116,479,
2026-04-07T08:03:09.544496,F1,2,A,OOMKill,1,0.5,"The diagnosis identifies that the pods are being terminated due to Out Of Memory conditions, which relates to the OOMKilled issue. However, it does not specifically mention that the termination occurred due to exceeding a memory limit or that it was the recommendationservice container specifically that was affected. The diagnosis is partially correct in recognizing the symptom (OOMKill) but lacks precision in identifying the true root cause mechanism involving the specific memory limit and the model loading event.",Pods are being terminated due to Out Of Memory conditions.,0.9,k8s-worker03|adservice|cartservice|checkoutservice|paymentservice|recommendationservice|frontend|loadgenerator,Check the memory allocations and limits for the affected pods and increase them if necessary.|Analyze the resource usage of pods on k8s-worker03 and potentially reduce resource requests for lower consumption.|Investigate node disk pressure on k8s-worker03 and resolve any disk capacity issues.|Ensure that persistent volumes have correctly configured storage classes to avoid provisioning errors.,"The node k8s-worker03 is experiencing disk pressure, affecting its ability to effectively run workloads. Combined with the observed exit code 137 from multiple pods, this indicates a higher likelihood that OOM kills are occurring due to insufficient memory allocation for the resource demands of the applications. Updating resource limits and addressing storage issues on this node should help stabilize the pods.","The Kubernetes cluster shows a significant number of pods in a 'Failed' state, particularly with a notable occurrence of 'ContainerStatusUnknown' and exit code 137. Exit code 137 indicates that the pr...",gpt-4o-mini,23866,49666,505,
2026-04-07T08:03:09.544496,F1,2,B,OOMKill,1,0.75,"The diagnosis correctly identifies the fault category as OOMKilled and acknowledges that pods are terminated due to exceeding memory limits, which is the correct root cause mechanism. However, it lacks specific details about the container involved (recommendationservice) and the specific memory limit exceeded (24Mi), which prevents a higher score.","Pods are being terminated due to exceeding memory limits, resulting in OOMKilled errors.",0.9,cartservice|recommendationservice|checkoutservice|shippingservice|adservice|currencyservice|paymentservice|frontend|loadgenerator|redis-cart,Check the resource limits set for each of the failing pods.|Increase the memory limits for the affected services based on current usage metrics.|Ensure that nodes have adequate resources to support all running pods.|Monitor memory usage with alerts and consider vertical scaling if necessary.|Examine the application logs for hints about potential memory leaks or excessive memory consumption.,"Widespread pod failures indicate that many containers are hitting memory limits and being killed by the OOM killer. The high number of exit code 137 errors, along with readiness and liveness probe failures, suggests that the application cannot start properly, exacerbating the issue. Management of memory limits and node resources is essential to stabilize the cluster.","The cluster is experiencing widespread pod failures across multiple services, with many containers reporting an exit code of 137, which indicates that they were terminated due to being killed by the O...",gpt-4o-mini,26253,50307,471,
2026-04-07T08:23:05.928733,F2,1,A,OOMKill,0,0.0,"The diagnosis incorrectly identifies the root cause as an Out Of Memory (OOM) condition, whereas the ground truth specifies that the paymentservice container crashes due to a corrupted entrypoint script. The mechanisms and symptoms described do not align at all, as the actual issue is not related to memory limits or OOM situations.",The Kubernetes cluster is experiencing Out of Memory (OOM) conditions leading to container failures.,0.95,adservice|checkoutservice|paymentservice|recommendationservice|frontend|cartservice|currencyservice|loadgenerator|shippingservice|redis-cart,Investigate node memory usage and ensure sufficient resources are available.|Increase memory resource requests and limits for the affected pods.|Consider vertical scaling or adding more nodes to the cluster to handle increased workload.,"Multiple pods across various services are reporting failures, with a considerable number terminated due to OOM conditions. Exit code 137 upon termination supports this, indicating containers are killed by the OS for exceeding allowed memory. There's also a lack of resource allocation for the PersistentVolumeClaims, hinting at broader cluster resource issues needing immediate inspection and corrective measures.","The reported issues indicate a widespread failure across many pods, especially with the repeated 'ContainerStatusUnknown' state terminating with exit code 137. The exit code 137 typically signifies th...",gpt-4o-mini,24040,50180,467,
2026-04-07T08:23:05.928733,F2,1,B,OOMKill,0,0.0,"The LLM diagnosis incorrectly identifies the root cause as OOMKilled due to memory limits, while the ground truth specifies a crash due to a corrupted entrypoint script. The mechanisms described do not match at all, as the true cause involves a script corruption rather than memory issues.","Pods are being killed due to exceeding memory limits, leading to numerous failures across Kubernetes services.",0.95,adservice|cartservice|checkoutservice|paymentservice|currencyservice|shippingservice|frontend|loadgenerator|recommendationservice,Analyze the memory limits set for the affected deployments.|Increase the memory limits for the affected services to account for actual usage.|Monitor memory usage of the containers to identify potential memory leaks or spikes.|Review application code for inefficiencies that may be causing excessive memory consumption.,"The presence of multiple pods failing with exit code 137 (OOMKilled) suggests that the application containers are exceeding their memory limits set in Kubernetes. This triggers the kernel's OOM killer, which ends the processes to free up memory. Increasing the resource limits for these containers and optimizing the application code should help resolve the issue.","The diagnostic context shows a significant number of pods in `Failed` or `ContainerStatusUnknown` states, particularly with exit code 137, which is indicative of an OOMKill situation. The logs show ti...",gpt-4o-mini,18738,51033,419,
2026-04-07T08:57:46.174542,F1,3,A,CrashLoopBackOff,0,0.0,"The LLM's diagnosis is entirely focused on the email service and its dependency issues, while the ground truth concerns a different service (checkoutservice) that was OOMKilled due to exceeding its memory limit. The mechanisms described do not overlap, leading to a score of 0.0 for incorrect diagnosis.","The email service is failing due to unreachable dependencies and misconfigured readiness checks, exacerbated by issues with persistent volume claims.",0.85,emailservice|checkoutservice|redis,Investigate and resolve issues with the persistent volume claim for redis.|Check the health of the service dependencies required by emailservice and ensure they are available.|Optimize readiness and liveness probe configurations for better responsiveness.,The CrashLoopBackOff in emailservice suggests that it fails to stabilize due to dependency issues or misconfigurations. The persistent volume claim indicates resource provisioning issues preventing redis from operating correctly. Check service connectivity and adjust health check settings to reduce their sensitivity or establish timeout thresholds that accommodate the current conditions.,"In the observed cluster state, multiple components show signs of failing readiness and liveness probes, particularly the emailservice pod that is in a CrashLoopBackOff state after 11 restarts. The err...",gpt-4o-mini,9581,6996,429,
2026-04-07T08:57:46.174542,F1,3,B,CrashLoopBackOff,0,0.0,"The diagnosis does not identify the root cause mechanism of OOMKilled due to exceeding memory limits, focusing instead on readiness/liveness probe timeouts and resource allocations. It fails to address the specific issue of memory constraints causing the pod to be killed, which is the fundamental mechanism behind the observed symptoms.",Pod failures due to readiness/liveness probe timeouts stemming from connection issues and possibly inadequate resource allocations.,0.85,emailservice|cartservice|recommendationservice,"Check resource limits for all affected services and adjust limits to prevent OOM conditions.|Investigate PVC provisioning failure, ensuring the correct storage class is available.|Review the health check configurations to increase timeout thresholds if network latency is a factor.","The observed pod failures suggest that multiple services are experiencing readiness and liveness failures due to timeouts. This points towards potential resource constraints as well as issues with service dependencies, compounded by the inability to provision necessary persistent storage. This complex interaction needs to be addressed through resource adjustment, provision fixing, and health check configuration improvements.","In the observable Kubernetes cluster, several pods from different services are repeatedly showing unhealthy status and encountering readiness and liveness probe failures due to timeouts. The `emailser...",gpt-4o-mini,8955,7879,523,
2026-04-07T09:01:43.976367,F1,4,A,CrashLoopBackOff,0,0.0,"The LLM diagnosis is completely unrelated to the ground truth root cause. The ground truth discusses a container being OOMKilled due to memory limits, while the diagnosis focuses on connectivity issues and PVC failures related to a different service (emailservice). There is no semantic or relevant correlation between the two, leading to a score of 0.0.","The emailservice is failing to start due to connectivity issues and related probe failures, compounded by a PVC provisioning failure.",0.9,emailservice|paymentservice|redis-cart,Investigate the network connectivity and ensure that services can communicate as expected.|Check and resolve the PersistentVolumeClaim (PVC) provisioning failure by ensuring the storage class is correctly defined or exists.|Examine the emailservice and paymentservice logs for specific errors that may indicate other underlying application issues.,"The emailservice pods are failing to be ready due to repeated crashes, likely a result of connectivity problems highlighted by 'failed to connect' errors in the logs. Additionally, the redis-cart PVC has encountered a provisioning failure due to a missing storage class, which could impact service dependencies on that storage. Addressing both networking and PVC issues should lead to recovery of the affected services.","The preliminary signals show that the emailservice pod is in a CrashLoopBackOff state with a high number of restarts. Simultaneously, the paymentservice pod has failed its readiness probe, indicating ...",gpt-4o-mini,11261,3991,467,
2026-04-07T09:01:43.976367,F1,4,B,CrashLoopBackOff,0,0.1,"The diagnosis identifies a memory issue and the symptom of CrashLoopBackOff, but it incorrectly attributes the problem to the emailservice pod rather than the productcatalogservice. While it mentions OOMKilled events, it does not specifically connect the root cause of the memory limit violation to the correct service or the specific limit exceeded.","The emailservice pod is crashing due to repeated memory limit violations, likely causing OOMKilled events.",0.85,emailservice|paymentservice|checkoutservice,Increase the memory limits for the emailservice pod to allow it sufficient resources to operate.|Investigate and fix any underlying application issues that may contribute to the excessive memory usage.|Check the PVC provisioning for redis-cart and ensure the storage class 'premium-ssd' is available or switch to another existing storage class.,"The emailservice pod is crashing due to memory issues, as indicated by its multiple restart attempts in a CrashLoopBackOff state. As it fails to meet readiness and liveness probe checks, increasing available resources and ensuring the underlying infrastructure (like PVC) is correctly set up can help stabilize the service.","In the diagnostic context, we observe that the email service pod is in a CrashLoopBackOff state, with multiple restart attempts noted. The event logs indicate readiness and liveness probe failures due...",gpt-4o-mini,12421,4853,486,
